상담일자,Dnis,Channel,소재,광고비,광고횟수,I/B콜수,응대호,정기건수,정기금액,일시건수,일시금액,응대율,콜전환율,정기전환율,CPR,ROI
2026-07-29,1899-0218,EBS,식사지원 예진," 1,019,414 ", 3 , 5 , 3 , 4 ," 60,000 ",,,60%,167%,133%," 203,883 ",0.71
2026-07-29,1899-0219,SPOTV, 신장질환 세나," 104,054 ", 2 , 1 ,,,,,,0%,50%,0%," 104,054 ",0.00
2026-07-29,1899-0519,SPOTV2, 신장질환 세나," 104,054 ", 2 , 1 ,, 1 ," 30,000 ",,,0%,50%,0%," 104,054 ",3.46
2026-07-29,1899-0325,SPOTV G&H (SVC),식사지원 예진, - , 3 ,,,,,,,0%,0%,0%, - ,0.00
2026-07-29,1899-0263,JTBC4,이유식 안부," 320,785 ", 10 ,,,,,,,0%,0%,0%, - ,0.00
2026-07-29,1899-7319,JTBC4,식사지원 준우_메인," 160,392 ", 5 , 3 , 3 , 2 ," 55,000 ",,,100%,60%,67%," 53,464 ",4.11
2026-07-29,1899-3569,JTBC4,식사지원 준우_아동," 224,549 ", 7 ,,,,,,,0%,0%,0%, - ,0.00
2026-07-29,1899-7318,JTBC4,식사지원 예진," 384,942 ", 12 , 3 , 2 ,,,,,67%,25%,0%," 128,314 ",0.00
2026-07-29,1899-7325,JTBC4,신장질환 세나," 224,549 ", 7 ,,,,,,,0%,0%,0%, - ,0.00
2026-07-29,1899-0795,JTBC4,엄마의 마음," 224,549 ", 7 , 1 ,, 1 ," 25,000 ",,,0%,14%,0%," 224,549 ",1.34
2026-07-29,1899-7326,JTBC2 (SVC),신장질환 세나, - , - ,,,,,,,0%,0%,0%, - ,0.00
2026-07-29,1899-0776,라이프타임,이유식 안부," 168,892 ", 4 ,,,,,,,0%,0%,0%, - ,0.00
2026-07-29,1899-7314,히스토리 (SVC),식사지원 예진, - , 7 ,,,,,,,0%,0%,0%, - ,0.00
2026-07-29,1899-5186,시네마천국,식사지원 예진," 177,419 ", 8 , 1 , 1 ,,, 1 ," 20,000 ",100%,13%,0%," 177,419 ",0.00
2026-07-29,1899-7317,빌리어즈TV,식사지원 예진," 283,871 ", 2 , 3 , 1 , 1 ," 20,000 ",,,33%,150%,100%," 94,624 ",0.85
2026-07-29,1899-0739,채널S플러스,식사지원 예진," 340,645 ", 4 , 3 , 3 , 2 ," 60,000 ",,,100%,75%,67%," 113,548 ",2.11
2026-07-29,1899-0217,엠플렉스,식사지원 예진," 343,750 ", 5 , 1 ,,,,,,0%,20%,0%," 343,750 ",0.00
2026-07-29,-,기타 TV채널,-, - , - ,,,,,,,0%,0%,0%, - ,0.00
2026-07-29,2102-4590,발신,-, - , - , 5 , 2 ,,,,,40%,0%,0%, - ,0.00
,,,,,,,,,,,,,,,,
,,,,,,,,,,,,,,,,
,,,,,,,,,,,,,,,,
,,,,,,,,,,,,,,,,
,,,,,,,,,,,,,,,,
,,,,,,,,,,,,,,,,
,,,,,,,,,,,,,,,,
,,,,,,,,,,,,,,,,
,,,,,,,,,,,,,,,,
,,,,,,,,,,,,,,,,
,,,,,,,,,,,,,,,,
,,,,,,,,,,,,,,,,
,,,,,,,,,,,,,,,,
,,,,,,,,,,,,,,,,
,,,,,,,,,,,,,,,,
,,,,,,,,,,,,,,,,
,,,,,,,,,,,,,,,,
,,,,,,,,,,,,,,,,
,,,,,,,,,,,,,,,,
,,,,,,,,,,,,,,,,
,,,,,,,,,,,,,,,,
,,,,,,,,,,,,,,,,
,,,,,,,,,,,,,,,,
,,,,,,,,,,,,,,,,
,,,,,,,,,,,,,,,,
,,,,,,,,,,,,,,,,
,,,,,,,,,,,,,,,,
,,,,,,,,,,,,,,,,
,,,,,,,,,,,,,,,,
,,,,,,,,,,,,,,,,
,,,,,,,,,,,,,,,,
,,,,,,,,,,,,,,,,
,,,,,,,,,,,,,,,,
,,,,,,,,,,,,,,,,
,,,,,,,,,,,,,,,,
,,,,,,,,,,,,,,,,
,,,,,,,,,,,,,,,,
,,,,,,,,,,,,,,,,
,,,,,,,,,,,,,,,,
,,,,,,,,,,,,,,,,
,,,,,,,,,,,,,,,,
,,,,,,,,,,,,,,,,
,,,,,,,,,,,,,,,,
,,,,,,,,,,,,,,,,
